{
    "oglasi": [
    {
    "id": 1,
    "sellerId":1,
    "cardid": 6983839,
    "price": 499
    ,
        "count": 1
    },
    {
        "id": 2,
        "sellerId":2,
        "cardid": 6983839,
        "price": 233,
        "count": 2
        },
        {
            "id": 4,
            "sellerId":1,
            "cardid": 6983839,
            "price":321312,
            "count": 4
            },
            {
                "id": 3,
                "sellerId":1,
                "cardid": 6983839,
                "price": 900
                ,
        "count": 2
                },
                {
                    "id": 5,
                    "sellerId":1,
                    "cardid": 6983839,
                    "price": 499
                    ,
        "count": 1
                    },
                    {
                        "id": 6,
                        "sellerId":1,
                        "cardid": 6983839,
                        "price": 999,
                        "count": 4
                        
                        }
    
    ]
}